"","text","favorited","favoriteCount","replyToSN","created","truncated","replyToSID","id","replyToUID","statusSource","screenName","retweetCount","isRetweet","retweeted","longitude","latitude"
"1","#TrumpPence2020  It'S HAPPENING: Trump Campaign Attorney Points to Dominion Fraud: ""Communist China Materially Inte¡­ https://t.co/0recx5lEy3",FALSE,1,NA,2020-11-12 23:55:54,TRUE,NA,"1327037434597609473",NA,"<a href=""https://mobile.twitter.com"" rel=""nofollow"">Twitter Web App</a>","Giovanna111",1,FALSE,FALSE,NA,NA
"2","https://t.co/BZZ10diC7O this is the generation coming up to lead America... lol #TrumpPence2020 #trump #Trump2020¡­ https://t.co/zbXGC3LIE6",FALSE,0,NA,2020-11-12 23:52:38,TRUE,NA,"1327036615664013313",NA,"<a href=""http://twitter.com/download/android"" rel=""nofollow"">Twitter for Android</a>","DwarfAir",0,FALSE,FALSE,NA,NA
"3","https://t.co/4mxlxnIINW if you're not doing anything wrong, then one should not be so worried about stopping to tal¡­ https://t.co/cC7AUuw3h9",FALSE,0,NA,2020-11-12 23:36:23,TRUE,NA,"1327032525148086273",NA,"<a href=""http://twitter.com/download/android"" rel=""nofollow"">Twitter for Android</a>","DwarfAir",0,FALSE,FALSE,NA,NA
"4","Democrats Are The Party Of Fraud  #LockThemAllUp #Democrats #StopTheSteal #TrumpPence2020 #AuditTheVote¡­ https://t.co/BigK0e8o07",FALSE,0,NA,2020-11-12 23:10:27,TRUE,NA,"1327025997057810432",NA,"<a href=""https://mobile.twitter.com"" rel=""nofollow"">Twitter Web App</a>","rovcheck",0,FALSE,FALSE,NA,NA
"5","Here, here... @RealTina40 @newsmax all the way... I feel bad for some of the good people left there that actually g¡­ https://t.co/J9ndB0AVZh",FALSE,0,NA,2020-11-12 23:07:29,TRUE,NA,"1327025252963119105",NA,"<a href=""http://twitter.com/download/iphone"" rel=""nofollow"">Twitter for iPhone</a>","WeArePATRIOT777",0,FALSE,FALSE,NA,NA
"6","We Are Taking Our Country Back ~ #StopTheSteaI #AmericaFirst #TrumpPence2020 #AuditTheVote #MAGA #USA https://t.co/JfFnLiTFoK",FALSE,0,NA,2020-11-12 23:04:48,FALSE,NA,"1327024574479917056",NA,"<a href=""https://mobile.twitter.com"" rel=""nofollow"">Twitter Web App</a>","rovcheck",0,FALSE,FALSE,NA,NA
"7","FYI Patriots <U+0001F1FA><U+0001F1F8>: There's a #MAGA #StopTheSteaI rally at the Freedom Plaza in Wash DC  at high noon on Saturday, inc¡­ https://t.co/1RUJA63p6Q",FALSE,5,NA,2020-11-12 23:04:04,TRUE,NA,"1327024393260736512",NA,"<a href=""http://twitter.com/download/android"" rel=""nofollow"">Twitter for Android</a>","PRAISETRIUNEGOD",5,FALSE,FALSE,NA,NA
"8","https://t.co/Aoxq2s0Hx2 .... That is just damn skippy fine with me, because ""Support IS SUPPORT"""" no matter how you¡­ https://t.co/Fv5Rd1AyMV",FALSE,0,NA,2020-11-12 23:02:23,TRUE,NA,"1327023967576711170",NA,"<a href=""http://twitter.com/download/android"" rel=""nofollow"">Twitter for Android</a>","celticfire64",0,FALSE,FALSE,NA,NA
"9","https://t.co/KuQStrlOze....  He is doing the right thing..as the #UnitedStatesSupremeCourt hasn't issued a determin¡­ https://t.co/xfCiz7KlQ1",FALSE,0,NA,2020-11-12 23:01:45,TRUE,NA,"1327023807018766350",NA,"<a href=""http://twitter.com/download/android"" rel=""nofollow"">Twitter for Android</a>","celticfire64",0,FALSE,FALSE,NA,NA
"10","@CNN Hahaha who? Romney and George and Jeff Bush? Hahaha, they were with Biden from the day of Trump's inauguration¡­ https://t.co/JLGPJBlUdt",FALSE,0,"CNN",2020-11-12 22:46:38,TRUE,"1327000999807029268","1327020002470408202","759251","<a href=""https://mobile.twitter.com"" rel=""nofollow"">Twitter Web App</a>","farb007",0,FALSE,FALSE,NA,NA
"11","Soooooooooooo.....the f*** your feelings, tough guy, snowflakes are ruining this country president needs time to pr¡­ https://t.co/nsR5vPp189",FALSE,0,NA,2020-11-12 22:07:40,TRUE,NA,"1327010198486016000",NA,"<a href=""http://twitter.com/download/iphone"" rel=""nofollow"">Twitter for iPhone</a>","BeaglePubs",0,FALSE,FALSE,NA,NA
"12","@mattgaetz Oh it's enough Matt. @realDonaldTrump #TrumpPence2020 #floridafortrump",FALSE,0,"mattgaetz",2020-11-12 22:04:44,FALSE,"1326994795391311876","1327009459953135617","58579942","<a href=""https://mobile.twitter.com"" rel=""nofollow"">Twitter Web App</a>","Christo70695005",0,FALSE,FALSE,NA,NA
"13","<U+0001F3B5><U+0001F3B6> The devil <U+0001F608> went down to Georgia, looking for three races to steal! He was in a bind, cause his candidates were¡­ https://t.co/ufzlj58bE1",FALSE,12,NA,2020-11-12 21:53:00,TRUE,NA,"1327006508106833922",NA,"<a href=""http://twitter.com/download/android"" rel=""nofollow"">Twitter for Android</a>","garryhamm1",13,FALSE,FALSE,NA,NA
"14","When you¡¯ve experienced life turning upside down disloyalty...loyalty will take on a whole new meaning to you.¡­ https://t.co/eujU8AP3bl",FALSE,3,NA,2020-11-12 21:34:51,TRUE,NA,"1327001941348655111",NA,"<a href=""http://twitter.com/download/iphone"" rel=""nofollow"">Twitter for iPhone</a>","AshleyRenee2018",0,FALSE,FALSE,NA,NA
"15","@dbongino Ummmm...he told us all he would ¡°lock it down¡± during the debates and in several town halls...voters remo¡­ https://t.co/kLziJo0krF",FALSE,6,"dbongino",2020-11-12 21:32:24,TRUE,"1326978197301374976","1327001323292778519","232901331","<a href=""http://twitter.com/download/iphone"" rel=""nofollow"">Twitter for iPhone</a>","ShellyAndujar",0,FALSE,FALSE,NA,NA
"16","#TickTock all will be exposed and I do mean ALL #TrumpPence2020 #MAGA2020LandslideVictory 

Pennsylvania court: Sec¡­ https://t.co/r82VFpfsk5",FALSE,3,NA,2020-11-12 21:20:39,TRUE,NA,"1326998365738065922",NA,"<a href=""https://mobile.twitter.com"" rel=""nofollow"">Twitter Web App</a>","America31846547",1,FALSE,FALSE,NA,NA
"17","@realDonaldTrump @ChanelRion @OANN Kick their a**es @realDonaldTrump I hope you rake them over the coals! #TrumpPence2020",FALSE,0,"realDonaldTrump",2020-11-12 21:17:36,FALSE,"1326926226888544256","1326997598029352964","25073877","<a href=""http://twitter.com/download/android"" rel=""nofollow"">Twitter for Android</a>","AlwaysMe_AngeT",0,FALSE,FALSE,NA,NA
"18","Beetlejuice is crazy <U+0001F92A>!!! #KAG2020 #TrumpPence2020 #DonaldTrumpIsOurPresident https://t.co/GEBHaikcMx",FALSE,1,NA,2020-11-12 21:14:13,FALSE,NA,"1326996748854824960",NA,"<a href=""http://twitter.com/download/android"" rel=""nofollow"">Twitter for Android</a>","USAisRight",0,FALSE,FALSE,NA,NA
"19","No more #DirtyGenerals or The #MilitaryIndustrialComplex .... that Eisenhower Warned is About!!! #SaveOurSoldiers¡­ https://t.co/SX9PjkeCkH",FALSE,22,NA,2020-11-12 21:14:06,TRUE,NA,"1326996718714437632",NA,"<a href=""http://twitter.com/download/iphone"" rel=""nofollow"">Twitter for iPhone</a>","debibug",12,FALSE,FALSE,NA,NA
"20","You don't say <U+0001F917><U+2764><U+0001F682><U+0001F1FA><U+0001F1F8><U+0001F1FA><U+0001F1F8>

#TRUMP2020ToSaveAmerica 
#TrumpTrain #TrumpPence2020 #ElectionDay2020 #Election2020results¡­ https://t.co/mRV0g2ZOom",FALSE,0,NA,2020-11-12 21:03:15,TRUE,NA,"1326993987203444736",NA,"<a href=""https://mobile.twitter.com"" rel=""nofollow"">Twitter Web App</a>","HaileyMorton22",0,FALSE,FALSE,NA,NA
"21","Does my friends, who are screaming on my comments ( there is no evidence) the recount doesn¡¯t happen just because t¡­ https://t.co/gFoVoqRunG",FALSE,0,NA,2020-11-12 21:01:20,TRUE,NA,"1326993502572584961",NA,"<a href=""http://twitter.com/download/iphone"" rel=""nofollow"">Twitter for iPhone</a>","AbdoElhadioui",0,FALSE,FALSE,NA,NA
"22","Chairman of the Federal Election Commission..
Trey Trainor to Newsmax TV: Voter Fraud Is Taking Place |¡­ https://t.co/5Log69PQcW",FALSE,0,NA,2020-11-12 20:49:51,TRUE,NA,"1326990614710325255",NA,"<a href=""https://mobile.twitter.com"" rel=""nofollow"">Twitter Web App</a>","downloose",0,FALSE,FALSE,NA,NA
"23","@RossSchumann @JoeBiden Yet Trump wanted to open everything up &amp; get life back to normal &amp; Biden said he's going to¡­ https://t.co/CbeHoLQKqp",FALSE,3,"RossSchumann",2020-11-12 20:49:17,TRUE,"1326968433188237313","1326990470719868928","1157748392430309377","<a href=""http://twitter.com/download/android"" rel=""nofollow"">Twitter for Android</a>","luvmy3byz71",1,FALSE,FALSE,NA,NA
"24","@hodgetwins And if all you people want to be negative &amp; just hate on Trump... then why are you even on here! Amazin¡­ https://t.co/iVrG1wM9AM",FALSE,45,"hodgetwins",2020-11-12 20:45:56,TRUE,"1326985784398929922","1326989630202392582","18584875","<a href=""http://twitter.com/download/android"" rel=""nofollow"">Twitter for Android</a>","luvmy3byz71",0,FALSE,FALSE,NA,NA
"25","@hodgetwins Do not concede!!! Let the constitution work &amp; let house of representatives decide!!! You won &amp; we all k¡­ https://t.co/yGaFgAUd5d",FALSE,32,"hodgetwins",2020-11-12 20:44:09,TRUE,"1326985784398929922","1326989179583148037","18584875","<a href=""http://twitter.com/download/android"" rel=""nofollow"">Twitter for Android</a>","luvmy3byz71",0,FALSE,FALSE,NA,NA
"26","Oh No! We will not count a bunch of #FradulantVotes and #FakeVotes now.

#YetAnotherDemocratScamThwarted

#MAGA¡­ https://t.co/f1rj5SnwWZ",FALSE,0,NA,2020-11-12 20:40:29,TRUE,NA,"1326988257020817413",NA,"<a href=""http://twitter.com/download/android"" rel=""nofollow"">Twitter for Android</a>","CoachBauer69",0,FALSE,FALSE,NA,NA
"27","@realDonaldTrump @ChanelRion @OANN And if all you people want to be negative &amp; just hate on Trump... then why are y¡­ https://t.co/bw0J7Mbijq",FALSE,0,"realDonaldTrump",2020-11-12 20:39:36,TRUE,"1326926226888544256","1326988034034765829","25073877","<a href=""http://twitter.com/download/android"" rel=""nofollow"">Twitter for Android</a>","luvmy3byz71",0,FALSE,FALSE,NA,NA
"28","@realDonaldTrump @ChanelRion @OANN Do not concede!!! Let the constitution work &amp; let house of representatives decid¡­ https://t.co/V3EkzJb3MP",FALSE,0,"realDonaldTrump",2020-11-12 20:38:19,TRUE,"1326926226888544256","1326987711010508807","25073877","<a href=""http://twitter.com/download/android"" rel=""nofollow"">Twitter for Android</a>","luvmy3byz71",0,FALSE,FALSE,NA,NA
"29","Hi, I'm #ChinaJoe DEMENTIA Biden &amp; I'm a LYING CHEATER

I said that in a LIVE VIDEO

Plus, my VP pick, whatever the¡­ https://t.co/EFkABJvjNR",FALSE,0,NA,2020-11-12 20:32:45,TRUE,NA,"1326986310444331024",NA,"<a href=""https://mobile.twitter.com"" rel=""nofollow"">Twitter Web App</a>","pccote66",1,FALSE,FALSE,NA,NA
"30","This Patriot ¡·¡·¡·@Roxy_KAG is JUST ONE FOLLOWER AWAY FROM 7,700. Give her a follow!! #ElectionResults2020 
#StopTheSteal
#TrumpPence2020",FALSE,0,NA,2020-11-12 20:31:59,FALSE,NA,"1326986119255306245",NA,"<a href=""http://twitter.com/download/android"" rel=""nofollow"">Twitter for Android</a>","KAGUSA2020",0,FALSE,FALSE,NA,NA
"31","Leviticus 19:11 @realDonaldTrump 
Do not steal. Do not lie. Do not deceive one another. 
This verse is for¡­ https://t.co/TViRMljjV7",FALSE,1,NA,2020-11-12 20:22:04,TRUE,NA,"1326983623254433792",NA,"<a href=""http://twitter.com/download/iphone"" rel=""nofollow"">Twitter for iPhone</a>","jpayne5943",0,FALSE,FALSE,NA,NA
"32","Who won the #PresidentialElection2020 ?
#BidenHarris2020 ?
Nope.
Then #TrumpPence2020 ?
No.
Then who?¡­ https://t.co/eUeZY0QnjV",FALSE,0,NA,2020-11-12 20:16:43,TRUE,NA,"1326982278057254919",NA,"<a href=""http://twitter.com/download/iphone"" rel=""nofollow"">Twitter for iPhone</a>","Flying_Scot52",0,FALSE,FALSE,NA,NA
"33","There is no truth to this whatsoever. @Twitter @jack where is the label for misinformation?  @cnn The fraud is REAL¡­ https://t.co/uhWp55U5a5",FALSE,1,NA,2020-11-12 20:10:09,TRUE,NA,"1326980623337185281",NA,"<a href=""https://mobile.twitter.com"" rel=""nofollow"">Twitter Web App</a>","CodyHenson92",1,FALSE,FALSE,NA,NA
"34","@realDonaldTrump Brilliant! #MAGA #Watermark #TrumpPence2020 #TrumpLandslide https://t.co/trQbRG5nHH",FALSE,0,"realDonaldTrump",2020-11-12 20:02:26,FALSE,NA,"1326978683123486728","25073877","<a href=""http://twitter.com/download/iphone"" rel=""nofollow"">Twitter for iPhone</a>","Jpicc1",0,FALSE,FALSE,NA,NA
"35","@Danstringer74 @katiehobbs @realDonaldTrump @POTUS Please add me to your list!... what kind of government service a¡­ https://t.co/wyWSYc383z",FALSE,10,"Danstringer74",2020-11-12 19:45:51,TRUE,"1326937121291030528","1326974508549492738","24843079","<a href=""http://twitter.com/download/iphone"" rel=""nofollow"">Twitter for iPhone</a>","pme816",2,FALSE,FALSE,NA,NA
"36","Pennsylvania court: Secretary of state lacked authority to change deadline 2 days before Election Day | Fox News

<U+2066>¡­ https://t.co/gFiJfjTky1",FALSE,1,NA,2020-11-12 19:32:46,TRUE,NA,"1326971214993174528",NA,"<a href=""http://twitter.com/download/iphone"" rel=""nofollow"">Twitter for iPhone</a>","Oh_ItsHeatherK",2,FALSE,FALSE,NA,NA
"37","Judge Rules Pennsylvania Ballots Without Proof of Voter ID Can¡¯t be Counted #TrumpPence2020 Keep praying Patriots!",FALSE,0,NA,2020-11-12 19:31:35,FALSE,NA,"1326970919256985601",NA,"<a href=""https://mobile.twitter.com"" rel=""nofollow"">Twitter Web App</a>","youthpastorbry",0,FALSE,FALSE,NA,NA
"38","Lock them all up!!! They are all dirty #ConcedeNowTrump #JaredKushner #Exposed #TrumpIsALaughingStock¡­ https://t.co/qHp2gF2vtQ",FALSE,1,NA,2020-11-12 19:23:20,TRUE,NA,"1326968840840855553",NA,"<a href=""http://twitter.com/download/iphone"" rel=""nofollow"">Twitter for iPhone</a>","JoojooJess",0,FALSE,FALSE,NA,NA
"39","Today would be a good day for @DavidCornDC to go F#CK himself.   #MAGA #MAGA2020 #Trump2020 #TrumpTrain¡­ https://t.co/sn6kHiOmUp",FALSE,0,NA,2020-11-12 19:06:48,TRUE,NA,"1326964682389909505",NA,"<a href=""https://mobile.twitter.com"" rel=""nofollow"">Twitter Web App</a>","Bulk_Blogun",0,FALSE,FALSE,NA,NA
"40","@FoxNews Where does the integrity of our election stand? Cheaters never win. #TrumpPence2020",FALSE,1,"FoxNews",2020-11-12 18:39:32,FALSE,"1326956796754481155","1326957821422931968","1367531","<a href=""http://twitter.com/#!/download/ipad"" rel=""nofollow"">Twitter for iPad</a>","lilfincher1",0,FALSE,FALSE,NA,NA
"41","#TrumpPence2020 @RandyRRQuaid @realDonaldTrump @Mike_Pence @Rayla4Congress @CarolineforCon1 @ronbeatyjr¡­ https://t.co/9JE53bQY1v",FALSE,1,NA,2020-11-12 18:35:28,TRUE,NA,"1326956797085757450",NA,"<a href=""https://mobile.twitter.com"" rel=""nofollow"">Twitter Web App</a>","Law1Gloria",0,FALSE,FALSE,NA,NA
"42","@realDonaldTrump Argentina Support You !! <U+0001F4AA><U+0001F3FB><U+0001F4AA><U+0001F3FB><U+0001F4AA><U+0001F3FB> #TrumpPence2020",FALSE,0,"realDonaldTrump",2020-11-12 18:01:55,FALSE,NA,"1326948352106389507","25073877","<a href=""http://twitter.com/download/iphone"" rel=""nofollow"">Twitter for iPhone</a>","JxcReloaded",0,FALSE,FALSE,NA,NA
"43","@KamalaHarris is despicable. Follow true role models. @RealCandaceO @kayleighmcenany @PressSec #AmyConeyBarret¡­ https://t.co/SzETlIIa0x",FALSE,0,"KamalaHarris",2020-11-12 17:54:36,TRUE,NA,"1326946509695438854","30354991","<a href=""http://twitter.com/download/iphone"" rel=""nofollow"">Twitter for iPhone</a>","coffeeaddict99",0,FALSE,FALSE,NA,NA
"44","Hopefully you have the proof to end the corruption @realDonaldTrump @DonaldJTrumpJr  #TrumpPence2020 https://t.co/OP0IcuwxYE",FALSE,1,NA,2020-11-12 17:48:01,FALSE,NA,"1326944856757964802",NA,"<a href=""http://twitter.com/download/android"" rel=""nofollow"">Twitter for Android</a>","FLThreeper",0,FALSE,FALSE,NA,NA
"45","#TRUMP2020ToSaveAmemerica #TrumpPence2020 #Trump2020Lanslide Watch <U+0001F447><U+0001F447><U+0001F447><U+0001F447> https://t.co/T7O97tprty",FALSE,0,NA,2020-11-12 17:45:43,FALSE,NA,"1326944275553251333",NA,"<a href=""http://twitter.com/download/iphone"" rel=""nofollow"">Twitter for iPhone</a>","laamigable21",0,FALSE,FALSE,NA,NA
"46","America's best businessman my ass <U+0001F644> #TrumpPence2020 #TrumpTantrum https://t.co/eXzdHPnUpO",FALSE,0,NA,2020-11-12 17:38:48,FALSE,NA,"1326942534065680385",NA,"<a href=""http://twitter.com/download/android"" rel=""nofollow"">Twitter for Android</a>","KimberlyBurdic9",0,FALSE,FALSE,NA,NA
"47","A recount is not good enough. Any states in question need to be audited!!! #WalkAway #ccot #teaparty #tcot¡­ https://t.co/eij37sbrrr",FALSE,0,NA,2020-11-12 17:30:21,TRUE,NA,"1326940406890762240",NA,"<a href=""http://twitter.com/download/android"" rel=""nofollow"">Twitter for Android</a>","faith4liberty",0,FALSE,FALSE,NA,NA
"48","A recount is not good enough. Any states in question need to be audited!!! #WalkAway #ccot #teaparty #tcot¡­ https://t.co/D8o6nfXDGF",FALSE,1,NA,2020-11-12 17:30:06,TRUE,NA,"1326940344450166785",NA,"<a href=""http://twitter.com/download/android"" rel=""nofollow"">Twitter for Android</a>","faith4liberty",1,FALSE,FALSE,NA,NA
"49","A recount is not good enough. Any states in question need to be audited!!! #WalkAway #ccot #teaparty #tcot¡­ https://t.co/vs3vluo5aQ",FALSE,0,NA,2020-11-12 17:27:28,TRUE,NA,"1326939684099002368",NA,"<a href=""http://twitter.com/download/android"" rel=""nofollow"">Twitter for Android</a>","faith4liberty",0,FALSE,FALSE,NA,NA
"50","Only One Commander In Chief in The United States of America <U+0001F1FA><U+0001F1F8> @realDonaldTrump is that Man!! No one Cares what the¡­ https://t.co/QdZlC1dQ5P",FALSE,18,NA,2020-11-12 17:26:41,TRUE,NA,"1326939487700574208",NA,"<a href=""http://twitter.com/download/iphone"" rel=""nofollow"">Twitter for iPhone</a>","debibug",7,FALSE,FALSE,NA,NA
"51","The #LeftistDemocrats are the cause of so much BANE in America! 
#StopTheSteaI #DoNotConcedePresidentTrump¡­ https://t.co/MevdEVPyHQ",FALSE,0,NA,2020-11-12 17:16:37,TRUE,NA,"1326936954575839233",NA,"<a href=""http://twitter.com/download/android"" rel=""nofollow"">Twitter for Android</a>","DebBee57",0,FALSE,FALSE,NA,NA
"52","@MatthewTyrmand @gatewaypundit How confident are you that ¡°we¡± or #POTUS45 legal team can make that case? #StopTheSteal #TrumpPence2020",FALSE,0,"MatthewTyrmand",2020-11-12 17:15:05,FALSE,"1326934779833573377","1326936567085223948","1687460006","<a href=""http://twitter.com/download/iphone"" rel=""nofollow"">Twitter for iPhone</a>","ept_rudyru",0,FALSE,FALSE,NA,NA
"53","@realDonaldTrump @ChanelRion @OANN THE SCOTUS SHOULD ORDER A COMPLETE AUDIT! THIS IS THE BIGGEST SCANDAL IN U.S HIS¡­ https://t.co/7uJeFDqXo4",FALSE,0,"realDonaldTrump",2020-11-12 17:10:33,TRUE,"1326926226888544256","1326935427417329664","25073877","<a href=""http://twitter.com/download/android"" rel=""nofollow"">Twitter for Android</a>","Sol96179357",0,FALSE,FALSE,NA,NA
"54","The media is desperate for us to belive Biden is president elect. Their fake background and press conferences are a¡­ https://t.co/0GRvNumW5U",FALSE,0,NA,2020-11-12 17:05:58,TRUE,NA,"1326934273786458113",NA,"<a href=""http://twitter.com/download/android"" rel=""nofollow"">Twitter for Android</a>","TheRightRN",0,FALSE,FALSE,NA,NA
"55","@seanhannity Trump is going to crush Fox News https://t.co/lvtwHKCvhJ

#trump2020 #MAGA #TrumpPence2020 #TRUMP¡­ https://t.co/k7j18ERnZW",FALSE,2,"seanhannity",2020-11-12 17:02:05,TRUE,"1326932887720046605","1326933296325009408","41634520","<a href=""https://about.twitter.com/products/tweetdeck"" rel=""nofollow"">TweetDeck</a>","MikeElgan",0,FALSE,FALSE,NA,NA
"56","The truth is coming out, but much more will be revealed in court. Keep fighting, President Trump! America is behind¡­ https://t.co/0aMSxojZwC",FALSE,0,NA,2020-11-12 17:00:55,TRUE,NA,"1326933002371403782",NA,"<a href=""https://mobile.twitter.com"" rel=""nofollow"">Twitter Web App</a>","LeslieSLowe",0,FALSE,FALSE,NA,NA
"57","@IngrahamAngle OMG, the future Donald J. Trump Presidential Library looks AMAZING! LOOK AT THIS!!¡­ https://t.co/ykt18VVV9M",FALSE,30,"IngrahamAngle",2020-11-12 16:55:10,TRUE,"1326931511682199554","1326931552769634304","50769180","<a href=""https://about.twitter.com/products/tweetdeck"" rel=""nofollow"">TweetDeck</a>","MikeElgan",9,FALSE,FALSE,NA,NA
"58","I¡¯ve NEVER seen this much Spirit for A President in my Lifetime! #KeepAmericaGreat #TheBestIsYetToCome¡­ https://t.co/ZNfOzKPNVS",FALSE,71,NA,2020-11-12 16:44:29,TRUE,NA,"1326928865504100353",NA,"<a href=""http://twitter.com/download/iphone"" rel=""nofollow"">Twitter for iPhone</a>","debibug",18,FALSE,FALSE,NA,NA
"59","@realDonaldTrump @ScottPresler @GOP Ensuring free, fair, and safe elections is of the utmost importance!¡­ https://t.co/SgPLwskDYy",FALSE,0,"realDonaldTrump",2020-11-12 16:38:34,TRUE,NA,"1326927375494418433","25073877","<a href=""http://twitter.com/download/android"" rel=""nofollow"">Twitter for Android</a>","MissyAndTerry",0,FALSE,FALSE,NA,NA
"60","@realDonaldTrump @FoxNews @realDonaldTrump, since ratings mean more to you than American lives impacted by COVID-19¡­ https://t.co/6RVXJPeL2I",FALSE,0,"realDonaldTrump",2020-11-12 16:33:25,TRUE,"1326920264203046915","1326926079655780355","25073877","<a href=""http://twitter.com/download/iphone"" rel=""nofollow"">Twitter for iPhone</a>","doc_resistance",0,FALSE,FALSE,NA,NA
"61","A Smooth Transition To Four More Years ~ #TrumpPence2020 #AuditTheVote #RecountEveryState2020 #StopTheSteal¡­ https://t.co/7Lx1LHiJQZ",FALSE,0,NA,2020-11-12 16:29:49,TRUE,NA,"1326925176014049280",NA,"<a href=""https://mobile.twitter.com"" rel=""nofollow"">Twitter Web App</a>","rovcheck",0,FALSE,FALSE,NA,NA
"62","Trump: use the front door to come in. Biden: oops our window was opened, want to cast a ballot for me and get free¡­ https://t.co/cXZERZaFez",FALSE,0,NA,2020-11-12 16:18:13,TRUE,NA,"1326922254349856768",NA,"<a href=""http://twitter.com/download/iphone"" rel=""nofollow"">Twitter for iPhone</a>","PNWPatriots",0,FALSE,FALSE,NA,NA
"63","For the first time since I registered to vote, I voted in a Presidential Election. I am very proud to say that my v¡­ https://t.co/uc9ALaO9Zd",FALSE,0,NA,2020-11-12 16:03:59,TRUE,NA,"1326918673483902978",NA,"<a href=""http://twitter.com/download/iphone"" rel=""nofollow"">Twitter for iPhone</a>","saras_politics",0,FALSE,FALSE,NA,NA
"64","@realDonaldTrump please don¡¯t give #CrookedJoeBiden access to any briefings. He is in bed with China. #TrumpPence2020",FALSE,3,"realDonaldTrump",2020-11-12 15:58:55,FALSE,NA,"1326917399422099456","25073877","<a href=""http://twitter.com/download/iphone"" rel=""nofollow"">Twitter for iPhone</a>","CsTrumpster",1,FALSE,FALSE,NA,NA
"65","#MAGA #MAGA2020 #TrumpPence2020 @jacknicklaus is an idiot.  After gleaning so much from America, he turns against h¡­ https://t.co/tvQwsKkNC5",FALSE,0,NA,2020-11-12 15:51:11,TRUE,NA,"1326915453512544258",NA,"<a href=""https://mobile.twitter.com"" rel=""nofollow"">Twitter Web App</a>","gaspar_poleo",0,FALSE,FALSE,NA,NA
"66","Chris Cuomo rolls the tape on GOP calling out election deniers in 2016
https://t.co/4DIL3UCf2C #BidenHarris2020¡­ https://t.co/7UQJezZOlC",FALSE,0,NA,2020-11-12 15:40:28,TRUE,NA,"1326912754448478209",NA,"<a href=""http://twitter.com/download/iphone"" rel=""nofollow"">Twitter for iPhone</a>","Mayfair5x5",0,FALSE,FALSE,NA,NA
"67","#Trump2020NowMoreThanEver #TRUMP2020Landside #MAGA #MAGA2020 #TrumpPence2020 #CubansForTrump 
#StillSupportingTrump¡­ https://t.co/v0UbEglhjE",FALSE,0,NA,2020-11-12 15:35:52,TRUE,NA,"1326911598452224001",NA,"<a href=""https://mobile.twitter.com"" rel=""nofollow"">Twitter Web App</a>","gaspar_poleo",0,FALSE,FALSE,NA,NA
"68","Too early to be naming anyone! #TrumpPence2020",FALSE,0,NA,2020-11-12 15:31:55,FALSE,NA,"1326910604850892801",NA,"<a href=""http://twitter.com/download/android"" rel=""nofollow"">Twitter for Android</a>","TexasTJ123",0,FALSE,FALSE,NA,NA
"69","#Trump2020NowMoreThanEver #TRUMP2020Landside #MAGA #MAGA2020 #TrumpPence2020 #CubansForTrump 
Still supporting Trum¡­ https://t.co/OPu6Vd8k9K",FALSE,0,NA,2020-11-12 15:31:26,TRUE,NA,"1326910483643904005",NA,"<a href=""https://mobile.twitter.com"" rel=""nofollow"">Twitter Web App</a>","gaspar_poleo",0,FALSE,FALSE,NA,NA
"70","@NewDay @CNN @GovMikeDeWine Now 73,000,000 Votes! #TRUMP2020ToSaveAmerica @CNN fake news @JoeBiden lier¡­ https://t.co/MAuLoYUtgR",FALSE,0,"NewDay",2020-11-12 15:28:53,TRUE,"1326893469193924615","1326909842649468935","1375289149","<a href=""http://twitter.com/download/android"" rel=""nofollow"">Twitter for Android</a>","ThothMaximus",0,FALSE,FALSE,NA,NA
"71","@MrMichaelBurkes So i guess Pocahontas is her Grandmother? #TrumpPence2020 #CrookedJoeBiden #HealsUpHarris https://t.co/W0KIjMqUhq",FALSE,5,"MrMichaelBurkes",2020-11-12 15:28:50,FALSE,"1326905251845300230","1326909829420621830","199841160","<a href=""http://twitter.com/#!/download/ipad"" rel=""nofollow"">Twitter for iPad</a>","FungusFaces",4,FALSE,FALSE,NA,NA
"72","1/20/2021 ¡°AND STILL!¡± (@ufc announcer voice) #maGra @realDonaldTrump #MakeAmericaGreatRecountAgain
#maga¡­ https://t.co/uoaAJSv832",FALSE,11,NA,2020-11-12 15:23:47,TRUE,NA,"1326908556591951872",NA,"<a href=""http://twitter.com/download/iphone"" rel=""nofollow"">Twitter for iPhone</a>","catiinergy",1,FALSE,FALSE,NA,NA
"73","@realDonaldTrump @SenJohnKennedy @MariaBartiromo @TheJusticeDept Gang of Treasonous Thugs????  You mean the Trump f¡­ https://t.co/6bBernef1J",FALSE,0,"realDonaldTrump",2020-11-12 15:21:16,TRUE,"1326884956749127680","1326907922442571776","25073877","<a href=""https://mobile.twitter.com"" rel=""nofollow"">Twitter Web App</a>","Al_BadDaddy",0,FALSE,FALSE,NA,NA
"74","@realDonaldTrump Biden - 78 MILLION votes.  You loser. 

#TrumpPence2020 #Trump #TrumpIsPathetic",FALSE,0,"realDonaldTrump",2020-11-12 15:19:56,FALSE,"1326894138516774913","1326907589746159624","25073877","<a href=""https://mobile.twitter.com"" rel=""nofollow"">Twitter Web App</a>","Al_BadDaddy",0,FALSE,FALSE,NA,NA
"75","https://t.co/GcQd17h5dG police officers if biden wins #TrumpPence2020 #trump #Trump2020 #BidenHarris2020 #Biden¡­ https://t.co/jkKkO6TIDv",FALSE,0,NA,2020-11-12 15:13:24,TRUE,NA,"1326905945767759878",NA,"<a href=""http://twitter.com/download/android"" rel=""nofollow"">Twitter for Android</a>","DwarfAir",0,FALSE,FALSE,NA,NA
"76","<U+0001F3BC> She¡¯s making a list <U+0001F3B6>
<U+0001F3BC> She's checking it twice... <U+0001F3B5>
<U+0001F3BC> Gonna find out who's on Trumps side! <U+0001F3B6>
<U+0001F3BC> A-O-C is coming t¡­ https://t.co/vmD8Ez5C5p",FALSE,1,NA,2020-11-12 14:52:18,TRUE,NA,"1326900633446862850",NA,"<a href=""http://twitter.com/download/iphone"" rel=""nofollow"">Twitter for iPhone</a>","katev2018",0,FALSE,FALSE,NA,NA
"77","@kayleighmcenany THANK you for uncovering the truth!  #TrumpPence2020",FALSE,0,"kayleighmcenany",2020-11-12 14:46:01,FALSE,"1326634874988617729","1326899052290707457","259001548","<a href=""http://twitter.com/download/iphone"" rel=""nofollow"">Twitter for iPhone</a>","JillHig57152655",0,FALSE,FALSE,NA,NA
"78","We did this<U+0001F447><U+0001F3FC>#TrumpPence2020 https://t.co/K8kynCRjMh",FALSE,0,NA,2020-11-12 14:40:48,FALSE,NA,"1326897739481944064",NA,"<a href=""http://twitter.com/download/iphone"" rel=""nofollow"">Twitter for iPhone</a>","NavyDaughter_",0,FALSE,FALSE,NA,NA
"79","@HamiltonStrick1 @gatewaypundit We want Justice and we want 
it now! 
#TrumpPence2020",FALSE,4,"HamiltonStrick1",2020-11-12 14:38:00,FALSE,"1326843286703763457","1326897035161731072","1215575872754913285","<a href=""http://twitter.com/download/iphone"" rel=""nofollow"">Twitter for iPhone</a>","currie14_kelly",3,FALSE,FALSE,NA,NA
"80","Good morning everybody <U+0001F60A>... God is good all the time praise the Lord hallelujah Jesus!!

#TrumpPence2020 <U+0001F1FA><U+0001F1F8>",FALSE,0,NA,2020-11-12 14:36:57,FALSE,NA,"1326896771478528003",NA,"<a href=""http://twitter.com/download/iphone"" rel=""nofollow"">Twitter for iPhone</a>","larryhan88",0,FALSE,FALSE,NA,NA
"81","@RandPaul @realDonaldTrump Trump went the same way the king did.
Destruction of globalization and the global mafia¡­ https://t.co/E4XhIjEIbf",FALSE,2,"RandPaul",2020-11-12 14:27:30,TRUE,"1326872933277589505","1326894393748492290","216881337","<a href=""http://twitter.com/download/android"" rel=""nofollow"">Twitter for Android</a>","shagholos2",0,FALSE,FALSE,NA,NA
"82","If your looking for an awesome new shirt let me know!!!

#Trump2020 #TrumpPence2020 #MAGA #Trump #TrumpTrain¡­ https://t.co/tmaMZtUZds",FALSE,0,NA,2020-11-12 14:26:29,TRUE,NA,"1326894135975038977",NA,"<a href=""http://twitter.com/download/android"" rel=""nofollow"">Twitter for Android</a>","ChrisHightchew",0,FALSE,FALSE,NA,NA
"83","They want to add #TrumpPence2020 supporters to a BLACKLIST so they can get jobs and publicly smear them. Now they w¡­ https://t.co/OvsfIvGPkD",FALSE,0,NA,2020-11-12 14:19:15,TRUE,NA,"1326892318562062337",NA,"<a href=""https://mobile.twitter.com"" rel=""nofollow"">Twitter Web App</a>","jspeedymorris22",0,FALSE,FALSE,NA,NA
"84","We The People feel the same way! #TrumpPence2020 https://t.co/mRHdYkcanq",FALSE,0,NA,2020-11-12 14:15:07,FALSE,NA,"1326891275661012992",NA,"<a href=""http://twitter.com/download/iphone"" rel=""nofollow"">Twitter for iPhone</a>","Nadinebarton",0,FALSE,FALSE,NA,NA
"85","@RealJamesWoods The Spice Girls have really let themselves go! 
#TrumpPence2020 
#BlueLivesMatter",FALSE,1,"RealJamesWoods",2020-11-12 14:12:01,FALSE,"1326797942301347840","1326890495012982786","78523300","<a href=""http://twitter.com/download/iphone"" rel=""nofollow"">Twitter for iPhone</a>","ibegugie14",0,FALSE,FALSE,NA,NA
"86","Election Data Shows Millions of Votes Were Switched, 3343 https://t.co/jlQh2OiNlD via @YouTube #TrumpPence2020 <U+0001F1FA><U+0001F1F8><U+0001F44C><U+0001F64C>",FALSE,0,NA,2020-11-12 14:10:11,FALSE,NA,"1326890034398687232",NA,"<a href=""http://twitter.com/download/iphone"" rel=""nofollow"">Twitter for iPhone</a>","scotnjones",0,FALSE,FALSE,NA,NA
"87","@newsmax It took 2 weeks to determine Michigan in 2016, so there's that...
@realDonaldTrump  is following the examp¡­ https://t.co/tVl3YAFyPT",FALSE,0,"newsmax",2020-11-12 13:54:50,TRUE,"1326882452984516609","1326886171641851908","20545835","<a href=""https://mobile.twitter.com"" rel=""nofollow"">Twitter Web App</a>","sainteriksrose",0,FALSE,FALSE,NA,NA
"88","Trust Jesus! We're at the beginning of #winning #TrustTrump #TrumpPence2020",FALSE,1,NA,2020-11-12 13:49:25,FALSE,NA,"1326884807238971396",NA,"<a href=""http://twitter.com/download/android"" rel=""nofollow"">Twitter for Android</a>","Catlett_VA_GOP",0,FALSE,FALSE,NA,NA
"89","@GeraldoRivera @realDonaldTrump Geraldo, you have succeeded when you yourself thought there was no way up. I find i¡­ https://t.co/o9VmgckUyM",FALSE,36,"GeraldoRivera",2020-11-12 13:29:42,TRUE,"1326879244396482560","1326879849231888384","246500501","<a href=""https://mobile.twitter.com"" rel=""nofollow"">Twitter Web App</a>","olgamae",0,FALSE,FALSE,NA,NA
"90","Details<U+2049><U+FE0F>  #Trump #Trump2020 #TrumpPence2020 #MAGA2020 https://t.co/suSw7s5nQ7",FALSE,0,NA,2020-11-12 13:27:59,FALSE,NA,"1326879413678600192",NA,"<a href=""https://mobile.twitter.com"" rel=""nofollow"">Twitter Web App</a>","spawarsyscom",0,FALSE,FALSE,NA,NA
"91","352 U.S. counties in 29 states have 1.8M more registered voters than eligible voting age citizens.  #MAGA2020¡­ https://t.co/5SLBV67PCX",FALSE,0,NA,2020-11-12 13:26:22,TRUE,NA,"1326879008311685120",NA,"<a href=""http://twitter.com/download/android"" rel=""nofollow"">Twitter for Android</a>","spawarsyscom",0,FALSE,FALSE,NA,NA
"92","A brief #podcast on Analysis of #USElections2020 for those who are lazy to read long articles regarding the same.¡­ https://t.co/IH8Buh8RbG",FALSE,5,NA,2020-11-12 13:00:11,TRUE,NA,"1326872420129501184",NA,"<a href=""https://mobile.twitter.com"" rel=""nofollow"">Twitter Web App</a>","JairamPrabhu",1,FALSE,FALSE,NA,NA
"93","And somehow the incumbent didn't win<U+2049><U+FE0F>  Fraud.  #Trump2020 #Trump #TrumpPence2020 https://t.co/NBLj1UJPez",FALSE,2,NA,2020-11-12 12:31:46,FALSE,NA,"1326865268203810816",NA,"<a href=""https://mobile.twitter.com"" rel=""nofollow"">Twitter Web App</a>","spawarsyscom",1,FALSE,FALSE,NA,NA
"94","#Repost @michael_de_adder (@get_repost)
<U+30FB><U+30FB><U+30FB>
Cartoon for #VeteransDay2020 #RemembranceDay2020
 #VeteransDay¡­ https://t.co/b0b9oMp5L1",FALSE,1,NA,2020-11-12 12:26:11,TRUE,NA,"1326863861375447041",NA,"<a href=""http://instagram.com"" rel=""nofollow"">Instagram</a>","Cartergrifin",1,FALSE,FALSE,"-73.95162154","40.66490536"
"95","@JoeBiden Joe Biden Conference Until another moment... 
Joe Biden Joe Biden joins...
#Election2020 
#TrumpPence2020 https://t.co/a5SC7P7MI8",FALSE,1,"JoeBiden",2020-11-12 11:53:16,FALSE,"1326306141056364544","1326855578107392001","939091","<a href=""http://twitter.com/download/iphone"" rel=""nofollow"">Twitter for iPhone</a>","AyCommunist",0,FALSE,FALSE,NA,NA
"96","@JoAnnPDX As a former Navy fellow myself, and numerous family and friends that have served, how can you hold your h¡­ https://t.co/fqLMvMbfa1",FALSE,3,"JoAnnPDX",2020-11-12 11:29:48,TRUE,"1326602233849413632","1326849675224346624","1078776236090941440","<a href=""http://twitter.com/download/iphone"" rel=""nofollow"">Twitter for iPhone</a>","bygod1988",0,FALSE,FALSE,NA,NA
"97","@KarlRove .... I feel that #VoterFraud will be exposed. #AbrahamAccords #StandWithIsrael #StandWithPresidentTrump¡­ https://t.co/zh8lv23V8Y",FALSE,0,"KarlRove",2020-11-12 10:44:21,TRUE,NA,"1326838233972563975","18791763","<a href=""http://twitter.com/download/android"" rel=""nofollow"">Twitter for Android</a>","celticfire64",0,FALSE,FALSE,NA,NA
"98","After 160 years there will likely be more than one #President again. 
Something like a #Shadow president.
It's not¡­ https://t.co/QWOrZoQ0rw",FALSE,0,NA,2020-11-12 09:59:08,TRUE,NA,"1326826856453201920",NA,"<a href=""https://mobile.twitter.com"" rel=""nofollow"">Twitter Web App</a>","AndreasQuante60",0,FALSE,FALSE,NA,NA
"99","The #United #States is stronger than the #Divided States. Whoever cannot unite has to go. Whoever shares goes first¡­ https://t.co/0OP70NyL5f",FALSE,0,NA,2020-11-12 09:43:02,TRUE,NA,"1326822803904061440",NA,"<a href=""https://mobile.twitter.com"" rel=""nofollow"">Twitter Web App</a>","AndreasQuante60",0,FALSE,FALSE,NA,NA
"100","@RSBNetwork Yes! Let's pray for the integrity of this election process outcome. And may it be a good one for #Trump¡­ https://t.co/6oZlTD4BpF",FALSE,3,"RSBNetwork",2020-11-12 09:42:59,TRUE,"1326691271679750144","1326822791715418112","4041824789","<a href=""https://mobile.twitter.com"" rel=""nofollow"">Twitter Web App</a>","blossomcountry",0,FALSE,FALSE,NA,NA
"101","@RonaldKlain Guess you will be deleting that 2014 tweet about ¡°American elections being rigged¡± now, Mr Klain?¡­ https://t.co/1q10DWPVRX",FALSE,0,"RonaldKlain",2020-11-12 09:33:02,TRUE,NA,"1326820289192321026","248884036","<a href=""http://twitter.com/download/iphone"" rel=""nofollow"">Twitter for iPhone</a>","RichardJarret20",0,FALSE,FALSE,NA,NA
"102","And: Happy Thanksgiving!
#HappyThanksgiving<U+0001F983> #Trump2020 #TrumpWH<U+0001F1FA><U+0001F1F8> #ElectionDay #Pandemic2020 #GroundHogDay<U+0001F43E>¡­ https://t.co/2iEX3zpHUU",FALSE,0,"CharletFaye1",2020-11-12 09:18:47,TRUE,"1326795042065936384","1326816700029947904","248868822","<a href=""https://mobile.twitter.com"" rel=""nofollow"">Twitter Web App</a>","CharletFaye1",0,FALSE,FALSE,NA,NA
"103","Trump 2020 #Trump2020 #TrumpPence2020 @realDonaldTrump Donald Trump is the President of the United States of Americ¡­ https://t.co/FeYklvmB0Z",FALSE,0,NA,2020-11-12 08:54:04,TRUE,NA,"1326810482028605441",NA,"<a href=""http://twitter.com/download/android"" rel=""nofollow"">Twitter for Android</a>","MarkParshall",0,FALSE,FALSE,NA,NA
"104","@mmpadellan @hsbanik Well, if the Decision Desk says it's true, it is. (Insert sarcasm). You FOOLS. The media DOES¡­ https://t.co/SvM2XZzurE",FALSE,0,"mmpadellan",2020-11-12 08:07:50,TRUE,"1326740193559392257","1326798848677834752","1640929196","<a href=""https://mobile.twitter.com"" rel=""nofollow"">Twitter Web App</a>","FedFlorida",0,FALSE,FALSE,NA,NA
"105","Amen! #TrumpPence2020 https://t.co/xydyTZIyxy",FALSE,1,NA,2020-11-12 07:53:19,FALSE,NA,"1326795192545005571",NA,"<a href=""http://twitter.com/download/iphone"" rel=""nofollow"">Twitter for iPhone</a>","DandelionTuscan",0,FALSE,FALSE,NA,NA
"106","Trump is gaining upward momentum!! Keep it going!! #DemocratsCheat #Democratsstealingvotes #StoptheSteal #noFOXnews¡­ https://t.co/d0DxAekZWX",FALSE,1,NA,2020-11-12 07:07:23,TRUE,NA,"1326783635048067074",NA,"<a href=""http://twitter.com/download/android"" rel=""nofollow"">Twitter for Android</a>","kahumai143",0,FALSE,FALSE,NA,NA
"107","Ticketmaster just lost a customer.
Everyone, go to Ticketmaster's account and cancel them.

#BoycottTicketmaster¡­ https://t.co/mCQsDHH7eb",FALSE,3,NA,2020-11-12 06:58:55,TRUE,NA,"1326781503775395841",NA,"<a href=""http://twitter.com/download/android"" rel=""nofollow"">Twitter for Android</a>","LordDonught",0,FALSE,FALSE,NA,NA
"108","Rant | The Dark Dominion | RBR Politics #Election2020 #Elections2020 #ElectionNight #2020Election #Trump2020¡­ https://t.co/QqfMGsfmUX",FALSE,1,NA,2020-11-12 06:50:47,TRUE,NA,"1326779457663881217",NA,"<a href=""http://twitter.com/download/android"" rel=""nofollow"">Twitter for Android</a>","NoirRBR",1,FALSE,FALSE,NA,NA
"109","THE GREATEST AMERICAN COMEBACK WITH THE GREATEST PRESIDENT IN AMERICAN HISTORY 
@realDonaldTrump @VP @GOP¡­ https://t.co/uPYWSpaYwv",FALSE,0,NA,2020-11-12 06:33:28,TRUE,NA,"1326775100230742016",NA,"<a href=""https://mobile.twitter.com"" rel=""nofollow"">Twitter Web App</a>","TrumpWorld2017",0,FALSE,FALSE,NA,NA
"110","It ain't over until the blue haired, social justice warrior goes REEEEE!!! REEEE!!! #electoralcollege #joebidenwins¡­ https://t.co/TxXOMS57Sv",FALSE,0,NA,2020-11-12 05:20:12,TRUE,NA,"1326756661286072320",NA,"<a href=""http://instagram.com"" rel=""nofollow"">Instagram</a>","EODestoroyah",0,FALSE,FALSE,NA,NA
"111","@AP @BrittaniD_Fox13 Fake-news.  #TrumpPence2020<U+0001F1FA><U+0001F1F2>",FALSE,0,"AP",2020-11-12 05:10:17,FALSE,"1325112826072084480","1326754166560186368","51241574","<a href=""https://mobile.twitter.com"" rel=""nofollow"">Twitter Web App</a>","JoeJone03131492",0,FALSE,FALSE,NA,NA
"112","@BrittaniD_Fox13 Yep, wasn't it phony and staged? Good thing this farce of an election will be settled soon enough.  #TrumpPence2020<U+0001F1FA><U+0001F1F2>",FALSE,0,"BrittaniD_Fox13",2020-11-12 05:08:28,FALSE,"1325130218818965506","1326753706419871744","792780432","<a href=""https://mobile.twitter.com"" rel=""nofollow"">Twitter Web App</a>","JoeJone03131492",0,FALSE,FALSE,NA,NA
"113","@Vegalteno @jimmyfallon No way. #TrumpPence2020",FALSE,1,"Vegalteno",2020-11-12 05:00:23,FALSE,"1326751367839551489","1326751672400539648","54218903","<a href=""http://twitter.com/download/android"" rel=""nofollow"">Twitter for Android</a>","CFCLefty",0,FALSE,FALSE,NA,NA
"114","@realDonaldTrump @Mike_Pence ""One for All, All for One "".. Team #MAGA
#TrumpPence2020 
#notosocialism",FALSE,0,"realDonaldTrump",2020-11-12 04:56:33,FALSE,NA,"1326750710986379265","25073877","<a href=""http://twitter.com/download/iphone"" rel=""nofollow"">Twitter for iPhone</a>","itsmisspj",0,FALSE,FALSE,NA,NA
"115","https://t.co/pQsNcXwDxz I'm so done with @FoxNews but I adore @TuckerCarlson #TheWalkingDeadVoters #TruthHasArrived #TrumpPence2020",FALSE,1,NA,2020-11-12 04:23:53,FALSE,NA,"1326742488816644096",NA,"<a href=""http://twitter.com/download/android"" rel=""nofollow"">Twitter for Android</a>","T_L_Sullivan",0,FALSE,FALSE,NA,NA
"116","<U+2066>@KarlRove<U+2069>,
Huh!
So you¡¯re a #RHINO!

SIT FOWN,
SHUT UP,
And WAIT AND SEE!

It AIN¡¯T OVER!
#TrumpPence2020! https://t.co/ifSrebVjF4",FALSE,0,NA,2020-11-12 04:09:12,FALSE,NA,"1326738793144127488",NA,"<a href=""http://twitter.com/download/iphone"" rel=""nofollow"">Twitter for iPhone</a>","jag_meister",0,FALSE,FALSE,NA,NA
"117","Trump won 2020. 
Don¡¯t be ashamed. 
<U+0001F340><U+0001F4AF><U+0001F495>Our leader. 
#leader #Trump2020 #TRUMP2020ToSaveAmerica¡­ https://t.co/5n81iB8SuK",FALSE,1,NA,2020-11-12 04:08:45,TRUE,NA,"1326738678350192640",NA,"<a href=""http://twitter.com/download/iphone"" rel=""nofollow"">Twitter for iPhone</a>","blog_boyz",0,FALSE,FALSE,NA,NA
"118","https://t.co/IYysWWkToq liberals suck at life #TrumpPence2020 #trump #Trump2020 #BidenHarris2020 #Biden #BidenRiots¡­ https://t.co/TdSiA6neUq",FALSE,1,NA,2020-11-12 04:03:58,TRUE,NA,"1326737473972576258",NA,"<a href=""http://twitter.com/download/android"" rel=""nofollow"">Twitter for Android</a>","DwarfAir",0,FALSE,FALSE,NA,NA
"119","G'Night to all my twitter followers<U+0001F634><U+0001F319><U+0001F64B><U+200D>¡á<U+FE0F><U+262E><U+FE0F>Peace and Love<U+0001F49E>
#TRUMP2020ToSaveAmerica 
#TrumpPence2020 https://t.co/1rexPKvdL1",FALSE,1,NA,2020-11-12 04:01:14,FALSE,NA,"1326736787318976512",NA,"<a href=""https://mobile.twitter.com"" rel=""nofollow"">Twitter Web App</a>","DavidMa35376344",0,FALSE,FALSE,NA,NA
"120","@realDonaldTrump @NancyKr42065306 Maybe they inverted the poll numbers, lol! 

I don't use polls to vote, I use com¡­ https://t.co/pKROVyBa66",FALSE,0,"realDonaldTrump",2020-11-12 03:48:43,TRUE,"1326673298692972544","1326733638281523200","25073877","<a href=""https://mobile.twitter.com"" rel=""nofollow"">Twitter Web App</a>","RealPaulHoward",0,FALSE,FALSE,NA,NA
"121","@realDonaldTrump #voterfraud
#TrumpPence2020 
Iranian with trump <U+2764><U+FE0F><U+0001F1FA><U+0001F1F8><U+270C><U+FE0F> https://t.co/3Vm9F2kCOG",FALSE,0,"realDonaldTrump",2020-11-12 03:48:19,FALSE,"1326731736131231745","1326733536515092480","25073877","<a href=""http://twitter.com/download/android"" rel=""nofollow"">Twitter for Android</a>","shahin120089",0,FALSE,FALSE,NA,NA
"122","@FLOTUS @ArlingtonNatl #voterfraud
#TrumpPence2020 
Iranian with trump<U+2764><U+FE0F><U+0001F1FA><U+0001F1F8><U+270C><U+FE0F><U+0001F1FA><U+0001F1F2> https://t.co/UXAdi7Nt5a",FALSE,0,"FLOTUS",2020-11-12 03:41:55,FALSE,"1326630705544253452","1326731924811907073","818876014390603776","<a href=""http://twitter.com/download/android"" rel=""nofollow"">Twitter for Android</a>","shahin120089",0,FALSE,FALSE,NA,NA
"123","We¡¯re in 2020 and still voting like this? #bidenharis2020 #TrumpPence2020 #ElectionDay #VOTE https://t.co/RvoMRHcefz",FALSE,1,NA,2020-11-12 03:32:17,FALSE,NA,"1326729500655284224",NA,"<a href=""http://twitter.com/download/iphone"" rel=""nofollow"">Twitter for iPhone</a>","CDaghfal",0,FALSE,FALSE,NA,NA
"124","2020, MOSTLY TV CHANNELS AND BIG SOCIAL MEDIAS ARE OF THE LEFT PARTIES SIDE, they fight for the socialism because t¡­ https://t.co/ydgjjESXjU",FALSE,8,NA,2020-11-12 03:31:46,TRUE,NA,"1326729371185532928",NA,"<a href=""https://mobile.twitter.com"" rel=""nofollow"">Twitter Web App</a>","FLipxpandeR",4,FALSE,FALSE,NA,NA
"125","Since you have jurisdiction over the @USPS - what steps are you going to take in regards to the witness intimidatio¡­ https://t.co/vT5fF6x5v5",FALSE,0,NA,2020-11-12 03:17:28,TRUE,NA,"1326725772518821893",NA,"<a href=""http://twitter.com/download/iphone"" rel=""nofollow"">Twitter for iPhone</a>","ept_rudyru",0,FALSE,FALSE,NA,NA
"126","Forget the Republican &amp; Democrat parties. We need the MAGA Party. @realDonaldTrump is at 73 million legal votes!¡­ https://t.co/CLvyctlS9P",FALSE,2,NA,2020-11-12 03:11:00,TRUE,NA,"1326724147179876352",NA,"<a href=""http://twitter.com/download/android"" rel=""nofollow"">Twitter for Android</a>","FLThreeper",0,FALSE,FALSE,NA,NA
"127","https://t.co/rdfsSyXIUW Great commentary @gforemanBCP Hope @VanJones68 views this video and wakes from his delusion¡­ https://t.co/VfyosZi3rd",FALSE,0,NA,2020-11-12 03:00:10,TRUE,NA,"1326721422102732800",NA,"<a href=""http://twitter.com/download/android"" rel=""nofollow"">Twitter for Android</a>","roma4roni",0,FALSE,FALSE,NA,NA
"128","Yes he will! #TRUMP2020ToSaveAmerica #TrumpPence2020 https://t.co/3lId6VGYsu",FALSE,1,NA,2020-11-12 02:59:51,FALSE,NA,"1326721338535522304",NA,"<a href=""https://mobile.twitter.com"" rel=""nofollow"">Twitter Web App</a>","bpruett6717",0,FALSE,FALSE,NA,NA
"129","@HKrassenstein No he's not because the REAL vote count is not yet over. Trump is still your president.       <U+0001F1FA><U+0001F1F8>¡­ https://t.co/PZgKIlAgXB",FALSE,0,"HKrassenstein",2020-11-12 02:46:35,TRUE,"1326582745322168320","1326718001027182592","963790885937995777","<a href=""http://twitter.com/download/android"" rel=""nofollow"">Twitter for Android</a>","Barry41835075",0,FALSE,FALSE,NA,NA
"130","https://t.co/wRgPakp3ZQ

@POTUS - @BernieSanders would be great at @WhiteHouse NOW...and #FourMoreYears with¡­ https://t.co/VeK3fAq9Z5",FALSE,0,NA,2020-11-12 02:46:29,TRUE,NA,"1326717977916530693",NA,"<a href=""http://twitter.com/download/android"" rel=""nofollow"">Twitter for Android</a>","BrenwoodParrish",0,FALSE,FALSE,NA,NA
"131","@EmeraldRobinson @SebGorka #voterfraud
#TrumpPence2020 
Iranian with trump<U+2764><U+FE0F><U+0001F1FA><U+0001F1F2> https://t.co/gcW65hpR2P",FALSE,0,"EmeraldRobinson",2020-11-12 02:45:07,FALSE,"1326638370471243776","1326717631613685765","3932768472","<a href=""http://twitter.com/download/android"" rel=""nofollow"">Twitter for Android</a>","shahin120089",0,FALSE,FALSE,NA,NA
"132","@MrMichaelBurkes If we do have a fair election and votes are recounted, then yes! I do honestly think Trump will be¡­ https://t.co/EPJoMy3Ytr",FALSE,2,"MrMichaelBurkes",2020-11-12 02:39:46,TRUE,"1326697587357978625","1326716284713623552","199841160","<a href=""http://twitter.com/#!/download/ipad"" rel=""nofollow"">Twitter for iPad</a>","FungusFaces",2,FALSE,FALSE,NA,NA
"133","Obama is a thug out to get our President and he is behind this mail in voter fraud and fake news is selling it for¡­ https://t.co/WFKBDeFwd2",FALSE,77,NA,2020-11-12 02:27:06,TRUE,NA,"1326713098175180801",NA,"<a href=""http://twitter.com/download/iphone"" rel=""nofollow"">Twitter for iPhone</a>","EviQuaid",15,FALSE,FALSE,NA,NA
"134","https://t.co/cKrdKnfQim what liberals do on their spare time! Liberals suck at life #TrumpPence2020 #trump¡­ https://t.co/Pb6ndpfHxS",FALSE,0,NA,2020-11-12 02:22:04,TRUE,NA,"1326711833076641793",NA,"<a href=""http://twitter.com/download/android"" rel=""nofollow"">Twitter for Android</a>","DwarfAir",0,FALSE,FALSE,NA,NA
"135","RECOUNT ASSISTANCE NEEDED!
A recount is not good enough. Any states in question need to be audited!!! #WalkAway¡­ https://t.co/VjumlCkSN4",FALSE,0,NA,2020-11-12 02:09:32,TRUE,NA,"1326708676657356801",NA,"<a href=""http://twitter.com/download/android"" rel=""nofollow"">Twitter for Android</a>","faith4liberty",1,FALSE,FALSE,NA,NA
"136","A recount is not good enough. Any states in question need to be audited!!! #WalkAway #ccot #teaparty #tcot¡­ https://t.co/fZDY4xZrsq",FALSE,0,NA,2020-11-12 02:01:54,TRUE,NA,"1326706758534967298",NA,"<a href=""http://twitter.com/download/android"" rel=""nofollow"">Twitter for Android</a>","faith4liberty",1,FALSE,FALSE,NA,NA
"137","A recount is not good enough. Any states in question need to be audited!!! #WalkAway #ccot #teaparty #tcot¡­ https://t.co/6HwMyuvSko",FALSE,3,NA,2020-11-12 01:59:08,TRUE,NA,"1326706059956858881",NA,"<a href=""http://twitter.com/download/android"" rel=""nofollow"">Twitter for Android</a>","faith4liberty",2,FALSE,FALSE,NA,NA
"138","A recount is not good enough. Any states in question need to be audited!!! #WalkAway #ccot #teaparty #tcot¡­ https://t.co/eLoCpxPYZQ",FALSE,0,NA,2020-11-12 01:57:06,TRUE,NA,"1326705549174562817",NA,"<a href=""http://twitter.com/download/android"" rel=""nofollow"">Twitter for Android</a>","faith4liberty",0,FALSE,FALSE,NA,NA
"139","A recount is not good enough. Any states in question need to be audited!!! #WalkAway #ccot #teaparty #tcot¡­ https://t.co/uYfIrasmbG",FALSE,0,NA,2020-11-12 01:56:34,TRUE,NA,"1326705415586009088",NA,"<a href=""http://twitter.com/download/android"" rel=""nofollow"">Twitter for Android</a>","faith4liberty",0,FALSE,FALSE,NA,NA
"140","A recount is not good enough. Any states in question need to be audited!!! #WalkAway #ccot #teaparty #tcot¡­ https://t.co/o5ZuxXjpSh",FALSE,0,NA,2020-11-12 01:56:17,TRUE,NA,"1326705345008431106",NA,"<a href=""http://twitter.com/download/android"" rel=""nofollow"">Twitter for Android</a>","faith4liberty",0,FALSE,FALSE,NA,NA
"141","Can't stop laughing

#Trump2020 #TRUMP2020ToSaveAmerica #TrumpPence2020 #SleepyJoeBiden https://t.co/vfQJ9O0PZS",FALSE,4,NA,2020-11-12 01:52:48,FALSE,NA,"1326704467903979522",NA,"<a href=""http://twitter.com/download/android"" rel=""nofollow"">Twitter for Android</a>","Incredible_Ham",2,FALSE,FALSE,NA,NA
"142","Taken from another censored account! Well it was when I snapped it.

Share far and wide!

#Elections2020¡­ https://t.co/m7YHpFeVv8",FALSE,0,NA,2020-11-12 01:52:06,TRUE,NA,"1326704291747336192",NA,"<a href=""http://twitter.com/download/android"" rel=""nofollow"">Twitter for Android</a>","carron_walker",1,FALSE,FALSE,NA,NA
"143","Trump¡¯s #ElectionLawsuits: A #StateByState Guide

#Election2020 #Elections #ElectionResults2020 #MailInBallots¡­ https://t.co/sCwRwEhspd",FALSE,1,"VRodriguezPhD",2020-11-12 01:45:15,TRUE,"1325271081058439169","1326702565187317761","230973760","<a href=""https://mobile.twitter.com"" rel=""nofollow"">Twitter Web App</a>","VRodriguezPhD",0,FALSE,FALSE,NA,NA
"144","@realDonaldTrump Off Course we will win #GoTrump2020 #GoTrump #TrumpPence2020 <U+0001F91C><U+0001F3FB><U+0001F91B><U+0001F3FB>",FALSE,0,"realDonaldTrump",2020-11-12 01:44:56,FALSE,"1326662184403865602","1326702485466198016","25073877","<a href=""http://twitter.com/download/android"" rel=""nofollow"">Twitter for Android</a>","Patryck1891",0,FALSE,FALSE,NA,NA
"145",".@MaddowBlog .@maddow You¡¯re freaking like 50 yrs old- don¡¯t act like if you¡¯ve never been thru a recount before! (¡­ https://t.co/vSiSyPoGmf",FALSE,0,NA,2020-11-12 01:43:11,TRUE,NA,"1326702047358496768",NA,"<a href=""http://twitter.com/download/iphone"" rel=""nofollow"">Twitter for iPhone</a>","ept_rudyru",0,FALSE,FALSE,NA,NA
"146","https://t.co/zfif7zZ0tz Trump is Purging the Deep State Says Dr. Steve Pieczenik #TrumpPence2020 is happening <U+0001F44C>",FALSE,13,NA,2020-11-12 01:42:29,FALSE,NA,"1326701868844724226",NA,"<a href=""http://twitter.com/download/iphone"" rel=""nofollow"">Twitter for iPhone</a>","scotnjones",7,FALSE,FALSE,NA,NA
"147","@ChadGilmartinCA @ChefSkarapz @NBCNews From the China travel ban in January to the push to get the COVID-19 vaccine¡­ https://t.co/Gez6w6C8SX",FALSE,1,"ChadGilmartinCA",2020-11-12 01:39:20,TRUE,"1326007424583671808","1326701079107604481","938758536938557440","<a href=""https://mobile.twitter.com"" rel=""nofollow"">Twitter Web App</a>","ravireport",0,FALSE,FALSE,NA,NA
"148","Please read carefully , let it sink in ! 

There we go people, they are coming out of their holes one by one!  Afte¡­ https://t.co/SNgqymFxdU",FALSE,0,NA,2020-11-12 01:34:07,TRUE,NA,"1326699763098669062",NA,"<a href=""http://twitter.com/download/iphone"" rel=""nofollow"">Twitter for iPhone</a>","shabnamkleber",0,FALSE,FALSE,NA,NA
"149","BARACK OBAMA KNOWS! #TrumpPence2020 https://t.co/ePh9Wc4Eq8",FALSE,2869,NA,2020-11-12 01:33:11,FALSE,NA,"1326699529878515712",NA,"<a href=""http://twitter.com/download/iphone"" rel=""nofollow"">Twitter for iPhone</a>","RandyRRQuaid",781,FALSE,FALSE,NA,NA
"150","BLINDSIDED will soon take on a painful and potentially lethal meaning. #TrumpPence2020",FALSE,0,NA,2020-11-12 01:16:11,FALSE,NA,"1326695250643935233",NA,"<a href=""http://twitter.com/download/android"" rel=""nofollow"">Twitter for Android</a>","MedicineMedium",0,FALSE,FALSE,NA,NA
"151","""Hammer"" and ""Scorecard""
""QSnatch""
#StopTheSteal #TrumpPence2020 #TakeOurCountryBack",FALSE,1,NA,2020-11-12 01:12:01,FALSE,NA,"1326694201887760385",NA,"<a href=""http://twitter.com/download/android"" rel=""nofollow"">Twitter for Android</a>","Joeyr469",0,FALSE,FALSE,NA,NA
"152","Keep fighting<U+203C>  #TrumpPence2020 https://t.co/AedrEXk0pb",FALSE,0,NA,2020-11-12 01:11:36,FALSE,NA,"1326694098158424065",NA,"<a href=""https://mobile.twitter.com"" rel=""nofollow"">Twitter Web App</a>","spawarsyscom",0,FALSE,FALSE,NA,NA
"153","Biden is a liar.  Lied about knowledge of Hunter's China deals and lied about taking money.  #TrumpPence2020 https://t.co/f1levEf2Nq",FALSE,0,NA,2020-11-12 01:05:49,FALSE,NA,"1326692641187258372",NA,"<a href=""https://mobile.twitter.com"" rel=""nofollow"">Twitter Web App</a>","spawarsyscom",0,FALSE,FALSE,NA,NA
"154","@realDonaldTrump PLEASE DO NOT EVER CONCEDE!!!! U GOT THIS!!! TRUE AMERICANS LUV U!!! #4MoreYears #KAG2020 #TrumpPence2020",FALSE,0,"realDonaldTrump",2020-11-12 00:48:52,FALSE,"1326673298692972544","1326688378914484224","25073877","<a href=""http://twitter.com/download/iphone"" rel=""nofollow"">Twitter for iPhone</a>","cocky4583",0,FALSE,FALSE,NA,NA
"155","@RN7JB @TheLeoTerrell glad you joined us #TrumpPence2020",FALSE,0,"RN7JB",2020-11-12 00:46:47,FALSE,"1326665273345249280","1326687853586345985","1318701904524939264","<a href=""http://twitter.com/download/android"" rel=""nofollow"">Twitter for Android</a>","Joanne1776",0,FALSE,FALSE,NA,NA
"156","Freedom is never more than one generation away from extinction. 
We didn't pass it on to our children by the bloods¡­ https://t.co/tYi3uUVmJi",FALSE,0,NA,2020-11-12 00:40:52,TRUE,NA,"1326686364650254338",NA,"<a href=""http://twitter.com/download/android"" rel=""nofollow"">Twitter for Android</a>","hughkennedy23",0,FALSE,FALSE,NA,NA
"157","Yes!! Thank you! #TrumpPence2020 https://t.co/CgB5IB6XkM",FALSE,0,NA,2020-11-12 00:30:16,FALSE,NA,"1326683697400197121",NA,"<a href=""http://twitter.com/download/iphone"" rel=""nofollow"">Twitter for iPhone</a>","ColleenKBrennan",0,FALSE,FALSE,NA,NA
"158","@A_Blossom4USA @realDonaldTrump No we Won't
#TrumpPence2020 <U+0001F44D><U+0001F1FA><U+0001F1F8>",FALSE,0,"A_Blossom4USA",2020-11-12 00:19:29,FALSE,"1326679854314631168","1326680984826368000","1305627919","<a href=""https://mobile.twitter.com"" rel=""nofollow"">Twitter Web App</a>","DavidMa35376344",0,FALSE,FALSE,NA,NA
"159","@realDonaldTrump @SidneyPowell1 @VP 
Mr. President, Outstanding video. We are standing with you, we love you and we¡­ https://t.co/rgexRvjPKJ",FALSE,2,"realDonaldTrump",2020-11-12 00:16:47,TRUE,"1326662184403865602","1326680302174007297","25073877","<a href=""http://twitter.com/download/iphone"" rel=""nofollow"">Twitter for iPhone</a>","StepheneKlein",0,FALSE,FALSE,NA,NA
"160","<U+2066>@POTUS<U+2069> Thank you for fighting harder than any American has in recent history for this country! You will always be¡­ https://t.co/M9nhJntaQ5",FALSE,1,NA,2020-11-12 00:16:09,TRUE,NA,"1326680143209799680",NA,"<a href=""http://twitter.com/download/iphone"" rel=""nofollow"">Twitter for iPhone</a>","usaredwave",0,FALSE,FALSE,NA,NA
"161","Who finds it weird that @HKrassenstein is ALWAYS at the top of every Trump tweet...? Can you say bot? <U+0001F644> #TrumpPence2020",FALSE,0,NA,2020-11-12 00:10:15,FALSE,NA,"1326678661186072576",NA,"<a href=""http://twitter.com/download/iphone"" rel=""nofollow"">Twitter for iPhone</a>","EraTsa",0,FALSE,FALSE,NA,NA
"162","@w_terrence Thats ok, @JoeBiden has dementia so he forgot. As far as #QueMala, well screw her.  #TrumpPence2020 #TRUMP2020ToSaveAmerica",FALSE,0,"w_terrence",2020-11-12 00:07:41,FALSE,"1326667824559878145","1326678012855775232","47293791","<a href=""https://mobile.twitter.com"" rel=""nofollow"">Twitter Web App</a>","olgamae",0,FALSE,FALSE,NA,NA
